<?xml version="1.0" encoding="UTF-8"?>
<export version="E">
  <design>
    <source>/home/steve/projects/smart-thermostat/pcb/Thermostat.kicad_sch</source>
    <date>Sat 17 Jun 2023 01:34:51 PM EDT</date>
    <tool>Eeschema 6.0.11+dfsg-1~bpo11+1</tool>
    <sheet number="1" name="/" tstamps="/">
      <title_block>
        <title>Smart Thermostat</title>
        <company>Steve Meisner</company>
        <rev>0.4.0</rev>
        <date>2023-06-02</date>
        <source>Thermostat.kicad_sch</source>
        <comment number="1" value="steve@meisners.net"/>
        <comment number="2" value="(C) 2023 Steven Meisner "/>
        <comment number="3" value=""/>
        <comment number="4" value=""/>
        <comment number="5" value=""/>
        <comment number="6" value=""/>
        <comment number="7" value=""/>
        <comment number="8" value=""/>
        <comment number="9" value=""/>
      </title_block>
    </sheet>
    <sheet number="2" name="/Processor/" tstamps="/25a5abbc-6058-4e54-92d9-f2c655a065fe/">
      <title_block>
        <title>Smart Thermostat</title>
        <company>Steve Meisner</company>
        <rev>0.4.0</rev>
        <date>2023-06-02</date>
        <source>Thermostat-processor.kicad_sch</source>
        <comment number="1" value="steve@meisners.net"/>
        <comment number="2" value="(C) 2023 Steven Meisner "/>
        <comment number="3" value=""/>
        <comment number="4" value=""/>
        <comment number="5" value=""/>
        <comment number="6" value=""/>
        <comment number="7" value=""/>
        <comment number="8" value=""/>
        <comment number="9" value=""/>
      </title_block>
    </sheet>
  </design>
  <components>
    <comp ref="C1">
      <value>10uF</value>
      <footprint>Capacitor_SMD:C_0603_1608Metric</footprint>
      <fields>
        <field name="LCSC">C96446</field>
      </fields>
      <libsource lib="Device" part="C_Small" description="Unpolarized capacitor, small symbol"/>
      <property name="LCSC" value="C96446"/>
      <property name="Sheetname" value=""/>
      <property name="Sheetfile" value="Thermostat.kicad_sch"/>
      <sheetpath names="/" tstamps="/"/>
      <tstamps>524a9e29-422d-4783-b1fb-612d7ea6096c</tstamps>
    </comp>
    <comp ref="C2">
      <value>10uF</value>
      <footprint>Capacitor_SMD:C_0603_1608Metric</footprint>
      <fields>
        <field name="LCSC">C96446</field>
      </fields>
      <libsource lib="Device" part="C_Small" description="Unpolarized capacitor, small symbol"/>
      <property name="LCSC" value="C96446"/>
      <property name="Sheetname" value=""/>
      <property name="Sheetfile" value="Thermostat.kicad_sch"/>
      <sheetpath names="/" tstamps="/"/>
      <tstamps>c543797c-a1e3-499e-b8a7-6d1cb9b3807a</tstamps>
    </comp>
    <comp ref="C7">
      <value>0.1uF</value>
      <footprint>Capacitor_SMD:C_0603_1608Metric</footprint>
      <fields>
        <field name="LCSC">C14663</field>
      </fields>
      <libsource lib="Device" part="C_Small" description="Unpolarized capacitor, small symbol"/>
      <property name="LCSC" value="C14663"/>
      <property name="Sheetname" value=""/>
      <property name="Sheetfile" value="Thermostat.kicad_sch"/>
      <sheetpath names="/" tstamps="/"/>
      <tstamps>c5a52abd-557c-4938-a4ee-480bb147464f</tstamps>
    </comp>
    <comp ref="C8">
      <value>10uF</value>
      <footprint>Capacitor_SMD:C_0603_1608Metric</footprint>
      <fields>
        <field name="LCSC">C96446</field>
      </fields>
      <libsource lib="Device" part="C_Small" description="Unpolarized capacitor, small symbol"/>
      <property name="LCSC" value="C96446"/>
      <property name="Sheetname" value=""/>
      <property name="Sheetfile" value="Thermostat.kicad_sch"/>
      <sheetpath names="/" tstamps="/"/>
      <tstamps>cc9d2554-3749-406e-9aca-7ed3db0cf79c</tstamps>
    </comp>
    <comp ref="D2">
      <value>1N4148W</value>
      <footprint>Diode_SMD:D_SOD-123</footprint>
      <datasheet>https://www.vishay.com/docs/85748/1n4148w.pdf</datasheet>
      <fields>
        <field name="LCSC">C81598</field>
      </fields>
      <libsource lib="Diode" part="1N4148W" description="75V 0.15A Fast Switching Diode, SOD-123"/>
      <property name="LCSC" value="C81598"/>
      <property name="Sheetname" value=""/>
      <property name="Sheetfile" value="Thermostat.kicad_sch"/>
      <sheetpath names="/" tstamps="/"/>
      <tstamps>325997d8-c23e-4c38-90b9-0e45d4d5396d</tstamps>
    </comp>
    <comp ref="D3">
      <value>1N4148W</value>
      <footprint>Diode_SMD:D_SOD-123</footprint>
      <datasheet>https://www.vishay.com/docs/85748/1n4148w.pdf</datasheet>
      <fields>
        <field name="LCSC">C81598</field>
      </fields>
      <libsource lib="Diode" part="1N4148W" description="75V 0.15A Fast Switching Diode, SOD-123"/>
      <property name="LCSC" value="C81598"/>
      <property name="Sheetname" value=""/>
      <property name="Sheetfile" value="Thermostat.kicad_sch"/>
      <sheetpath names="/" tstamps="/"/>
      <tstamps>a936bb65-70f8-46a1-b847-69203dc23ded</tstamps>
    </comp>
    <comp ref="D5">
      <value>1N4148W</value>
      <footprint>Diode_SMD:D_SOD-123</footprint>
      <datasheet>https://www.vishay.com/docs/85748/1n4148w.pdf</datasheet>
      <fields>
        <field name="LCSC">C81598</field>
      </fields>
      <libsource lib="Diode" part="1N4148W" description="75V 0.15A Fast Switching Diode, SOD-123"/>
      <property name="LCSC" value="C81598"/>
      <property name="Sheetname" value=""/>
      <property name="Sheetfile" value="Thermostat.kicad_sch"/>
      <sheetpath names="/" tstamps="/"/>
      <tstamps>97dc1281-96d8-450b-a6fc-549805f619a4</tstamps>
    </comp>
    <comp ref="D6">
      <value>1N4148W</value>
      <footprint>Diode_SMD:D_SOD-123</footprint>
      <datasheet>https://www.vishay.com/docs/85748/1n4148w.pdf</datasheet>
      <fields>
        <field name="LCSC">C81598</field>
      </fields>
      <libsource lib="Diode" part="1N4148W" description="75V 0.15A Fast Switching Diode, SOD-123"/>
      <property name="LCSC" value="C81598"/>
      <property name="Sheetname" value=""/>
      <property name="Sheetfile" value="Thermostat.kicad_sch"/>
      <sheetpath names="/" tstamps="/"/>
      <tstamps>bcf9d924-2891-4e2e-9cf1-e2bbb6d3a18d</tstamps>
    </comp>
    <comp ref="L1">
      <value>470uH</value>
      <footprint>Custom Footprints:IND_CDRH127_LDNP-470MC_SUM</footprint>
      <fields>
        <field name="LCSC">C2453850</field>
      </fields>
      <libsource lib="Device" part="L" description="Inductor"/>
      <property name="LCSC" value="C2453850"/>
      <property name="Sheetname" value=""/>
      <property name="Sheetfile" value="Thermostat.kicad_sch"/>
      <sheetpath names="/" tstamps="/"/>
      <tstamps>0692de63-47f5-4334-aba1-bc9e890a3430</tstamps>
    </comp>
    <comp ref="Q1">
      <value>2N7002</value>
      <footprint>Package_TO_SOT_SMD:SOT-23</footprint>
      <datasheet>https://www.onsemi.com/pub/Collateral/NDS7002A-D.PDF</datasheet>
      <fields>
        <field name="LCSC">C8545</field>
      </fields>
      <libsource lib="Transistor_FET" part="2N7002" description="0.115A Id, 60V Vds, N-Channel MOSFET, SOT-23"/>
      <property name="LCSC" value="C8545"/>
      <property name="Sheetname" value=""/>
      <property name="Sheetfile" value="Thermostat.kicad_sch"/>
      <sheetpath names="/" tstamps="/"/>
      <tstamps>7e0f0fc4-88c5-47dc-9b01-38bbc8dd1105</tstamps>
    </comp>
    <comp ref="Q2">
      <value>2N7002</value>
      <footprint>Package_TO_SOT_SMD:SOT-23</footprint>
      <datasheet>https://www.onsemi.com/pub/Collateral/NDS7002A-D.PDF</datasheet>
      <fields>
        <field name="LCSC">C8545</field>
      </fields>
      <libsource lib="Transistor_FET" part="2N7002" description="0.115A Id, 60V Vds, N-Channel MOSFET, SOT-23"/>
      <property name="LCSC" value="C8545"/>
      <property name="Sheetname" value=""/>
      <property name="Sheetfile" value="Thermostat.kicad_sch"/>
      <sheetpath names="/" tstamps="/"/>
      <tstamps>f707f1ac-a6f6-498a-8a84-113b59f59fc0</tstamps>
    </comp>
    <comp ref="Q3">
      <value>2N7002</value>
      <footprint>Package_TO_SOT_SMD:SOT-23</footprint>
      <datasheet>https://www.onsemi.com/pub/Collateral/NDS7002A-D.PDF</datasheet>
      <fields>
        <field name="LCSC">C8545</field>
      </fields>
      <libsource lib="Transistor_FET" part="2N7002" description="0.115A Id, 60V Vds, N-Channel MOSFET, SOT-23"/>
      <property name="LCSC" value="C8545"/>
      <property name="Sheetname" value=""/>
      <property name="Sheetfile" value="Thermostat.kicad_sch"/>
      <sheetpath names="/" tstamps="/"/>
      <tstamps>16108321-9a26-4475-b6c9-170f20cebcaf</tstamps>
    </comp>
    <comp ref="Q4">
      <value>2N7002</value>
      <footprint>Package_TO_SOT_SMD:SOT-23</footprint>
      <datasheet>https://www.onsemi.com/pub/Collateral/NDS7002A-D.PDF</datasheet>
      <fields>
        <field name="LCSC">C8545</field>
      </fields>
      <libsource lib="Transistor_FET" part="2N7002" description="0.115A Id, 60V Vds, N-Channel MOSFET, SOT-23"/>
      <property name="LCSC" value="C8545"/>
      <property name="Sheetname" value=""/>
      <property name="Sheetfile" value="Thermostat.kicad_sch"/>
      <sheetpath names="/" tstamps="/"/>
      <tstamps>4d0b7e32-15a3-4ff6-9ef8-f77b9ce2bf17</tstamps>
    </comp>
    <comp ref="Q5">
      <value>2N7002</value>
      <footprint>Package_TO_SOT_SMD:SOT-23</footprint>
      <datasheet>https://www.onsemi.com/pub/Collateral/NDS7002A-D.PDF</datasheet>
      <fields>
        <field name="LCSC">C8545</field>
      </fields>
      <libsource lib="Transistor_FET" part="2N7002" description="0.115A Id, 60V Vds, N-Channel MOSFET, SOT-23"/>
      <property name="LCSC" value="C8545"/>
      <property name="Sheetname" value=""/>
      <property name="Sheetfile" value="Thermostat.kicad_sch"/>
      <sheetpath names="/" tstamps="/"/>
      <tstamps>60dac0f5-da65-4737-ae35-d6436841f5d1</tstamps>
    </comp>
    <comp ref="R1">
      <value>470</value>
      <footprint>Resistor_SMD:R_0603_1608Metric</footprint>
      <fields>
        <field name="LCSC">C23179</field>
      </fields>
      <libsource lib="Device" part="R" description="Resistor"/>
      <property name="LCSC" value="C23179"/>
      <property name="Sheetname" value=""/>
      <property name="Sheetfile" value="Thermostat.kicad_sch"/>
      <sheetpath names="/" tstamps="/"/>
      <tstamps>3ac0d00b-9b61-4e8e-911e-09e6f2581f06</tstamps>
    </comp>
    <comp ref="R2">
      <value>470</value>
      <footprint>Resistor_SMD:R_0603_1608Metric</footprint>
      <fields>
        <field name="LCSC">C23179</field>
      </fields>
      <libsource lib="Device" part="R" description="Resistor"/>
      <property name="LCSC" value="C23179"/>
      <property name="Sheetname" value=""/>
      <property name="Sheetfile" value="Thermostat.kicad_sch"/>
      <sheetpath names="/" tstamps="/"/>
      <tstamps>55b64fbf-81c8-4bc9-ba9b-8a37d09bd83c</tstamps>
    </comp>
    <comp ref="R3">
      <value>470</value>
      <footprint>Resistor_SMD:R_0603_1608Metric</footprint>
      <fields>
        <field name="LCSC">C23179</field>
      </fields>
      <libsource lib="Device" part="R" description="Resistor"/>
      <property name="LCSC" value="C23179"/>
      <property name="Sheetname" value=""/>
      <property name="Sheetfile" value="Thermostat.kicad_sch"/>
      <sheetpath names="/" tstamps="/"/>
      <tstamps>2f334d6a-9cfe-4ba5-b569-64684784d7c1</tstamps>
    </comp>
    <comp ref="R4">
      <value>470</value>
      <footprint>Resistor_SMD:R_0603_1608Metric</footprint>
      <fields>
        <field name="LCSC">C23179</field>
      </fields>
      <libsource lib="Device" part="R" description="Resistor"/>
      <property name="LCSC" value="C23179"/>
      <property name="Sheetname" value=""/>
      <property name="Sheetfile" value="Thermostat.kicad_sch"/>
      <sheetpath names="/" tstamps="/"/>
      <tstamps>3b6d7202-39ae-4cc7-9fb2-91391f1342e2</tstamps>
    </comp>
    <comp ref="R5">
      <value>470</value>
      <footprint>Resistor_SMD:R_0603_1608Metric</footprint>
      <fields>
        <field name="LCSC">C23179</field>
      </fields>
      <libsource lib="Device" part="R" description="Resistor"/>
      <property name="LCSC" value="C23179"/>
      <property name="Sheetname" value=""/>
      <property name="Sheetfile" value="Thermostat.kicad_sch"/>
      <sheetpath names="/" tstamps="/"/>
      <tstamps>1f91be6c-bef2-4f90-82c1-99c83e3ff601</tstamps>
    </comp>
    <comp ref="R6">
      <value>220</value>
      <footprint>Resistor_SMD:R_0603_1608Metric</footprint>
      <fields>
        <field name="LCSC">C22962</field>
      </fields>
      <libsource lib="Device" part="R_Small" description="Resistor, small symbol"/>
      <property name="LCSC" value="C22962"/>
      <property name="Sheetname" value=""/>
      <property name="Sheetfile" value="Thermostat.kicad_sch"/>
      <sheetpath names="/" tstamps="/"/>
      <tstamps>67332461-4f9d-4fce-8084-c5dc1179b635</tstamps>
    </comp>
    <comp ref="R7">
      <value>470</value>
      <footprint>Resistor_SMD:R_0603_1608Metric</footprint>
      <fields>
        <field name="LCSC">C23179</field>
      </fields>
      <libsource lib="Device" part="R" description="Resistor"/>
      <property name="LCSC" value="C23179"/>
      <property name="Sheetname" value=""/>
      <property name="Sheetfile" value="Thermostat.kicad_sch"/>
      <sheetpath names="/" tstamps="/"/>
      <tstamps>c3db7291-200b-4f26-857a-dfeb52ebc788</tstamps>
    </comp>
    <comp ref="R8">
      <value>470</value>
      <footprint>Resistor_SMD:R_0603_1608Metric</footprint>
      <fields>
        <field name="LCSC">C23179</field>
      </fields>
      <libsource lib="Device" part="R" description="Resistor"/>
      <property name="LCSC" value="C23179"/>
      <property name="Sheetname" value=""/>
      <property name="Sheetfile" value="Thermostat.kicad_sch"/>
      <sheetpath names="/" tstamps="/"/>
      <tstamps>4051a700-9602-4c86-8fbf-eb287e31e07a</tstamps>
    </comp>
    <comp ref="R10">
      <value>10k</value>
      <footprint>Resistor_SMD:R_0603_1608Metric</footprint>
      <fields>
        <field name="LCSC">C25804</field>
      </fields>
      <libsource lib="Device" part="R_Small" description="Resistor, small symbol"/>
      <property name="LCSC" value="C25804"/>
      <property name="Sheetname" value=""/>
      <property name="Sheetfile" value="Thermostat.kicad_sch"/>
      <sheetpath names="/" tstamps="/"/>
      <tstamps>1a5b91b9-9c03-4b35-93c7-75cfe3d3478f</tstamps>
    </comp>
    <comp ref="R11">
      <value>10k</value>
      <footprint>Resistor_SMD:R_0603_1608Metric</footprint>
      <fields>
        <field name="LCSC">C25804</field>
      </fields>
      <libsource lib="Device" part="R_Small" description="Resistor, small symbol"/>
      <property name="LCSC" value="C25804"/>
      <property name="Sheetname" value=""/>
      <property name="Sheetfile" value="Thermostat.kicad_sch"/>
      <sheetpath names="/" tstamps="/"/>
      <tstamps>73169bae-365c-4ae7-89ab-a64e5af46fd0</tstamps>
    </comp>
    <comp ref="R12">
      <value>1k</value>
      <footprint>Resistor_SMD:R_0603_1608Metric</footprint>
      <fields>
        <field name="LCSC">C21190</field>
        <field name="Old LCSC">C4410</field>
      </fields>
      <libsource lib="Device" part="R_Small" description="Resistor, small symbol"/>
      <property name="LCSC" value="C21190"/>
      <property name="Old LCSC" value="C4410"/>
      <property name="Sheetname" value=""/>
      <property name="Sheetfile" value="Thermostat.kicad_sch"/>
      <sheetpath names="/" tstamps="/"/>
      <tstamps>6acccc00-a57f-4ce6-8052-a8379a2a6d6e</tstamps>
    </comp>
    <comp ref="U1">
      <value>LM2596T-5</value>
      <footprint>Package_TO_SOT_SMD:TO-263-5_TabPin3</footprint>
      <datasheet>http://www.ti.com/lit/ds/symlink/lm2596.pdf</datasheet>
      <fields>
        <field name="LCSC">C41906</field>
      </fields>
      <libsource lib="Regulator_Switching" part="LM2596T-5" description="5V 3A 150kHz Step-Down Voltage Regulator, TO-220"/>
      <property name="LCSC" value="C41906"/>
      <property name="Sheetname" value=""/>
      <property name="Sheetfile" value="Thermostat.kicad_sch"/>
      <sheetpath names="/" tstamps="/"/>
      <tstamps>ba1cd4c4-a07d-43d5-b77f-678ad1ef8388</tstamps>
    </comp>
    <comp ref="U2">
      <value>AMS1117-3.3</value>
      <footprint>Package_TO_SOT_SMD:SOT-223-3_TabPin2</footprint>
      <datasheet>http://www.advanced-monolithic.com/pdf/ds1117.pdf</datasheet>
      <fields>
        <field name="LCSC">C6186</field>
      </fields>
      <libsource lib="Regulator_Linear" part="AMS1117-3.3" description="1A Low Dropout regulator, positive, 3.3V fixed output, SOT-223"/>
      <property name="LCSC" value="C6186"/>
      <property name="Sheetname" value=""/>
      <property name="Sheetfile" value="Thermostat.kicad_sch"/>
      <sheetpath names="/" tstamps="/"/>
      <tstamps>a3aa6226-d2ea-44e9-aaa4-f2a3944bdac1</tstamps>
    </comp>
    <comp ref="U3">
      <value>AHT20</value>
      <footprint>Custom Footprints:AHT20</footprint>
      <fields>
        <field name="LCSC">C2757850</field>
        <field name="MANUFACTURER">Asair</field>
        <field name="MAXIMUM_PACKAGE_HEIGHT">1.1mm</field>
        <field name="PARTREV">V1.0</field>
        <field name="STANDARD">IPC 7351B</field>
      </fields>
      <libsource lib="AHT20" part="AHT20" description=""/>
      <property name="MANUFACTURER" value="Asair"/>
      <property name="MAXIMUM_PACKAGE_HEIGHT" value="1.1mm"/>
      <property name="STANDARD" value="IPC 7351B"/>
      <property name="PARTREV" value="V1.0"/>
      <property name="LCSC" value="C2757850"/>
      <property name="Sheetname" value=""/>
      <property name="Sheetfile" value="Thermostat.kicad_sch"/>
      <sheetpath names="/" tstamps="/"/>
      <tstamps>06cd5002-0701-46a4-aa88-2ea604e1f595</tstamps>
    </comp>
    <comp ref="C11">
      <value>1uF</value>
      <footprint>Capacitor_SMD:C_0603_1608Metric</footprint>
      <fields>
        <field name="LCSC">C5673</field>
      </fields>
      <libsource lib="Device" part="C_Small" description="Unpolarized capacitor, small symbol"/>
      <property name="LCSC" value="C5673"/>
      <property name="Sheetname" value="Processor"/>
      <property name="Sheetfile" value="Thermostat-processor.kicad_sch"/>
      <sheetpath names="/Processor/" tstamps="/25a5abbc-6058-4e54-92d9-f2c655a065fe/"/>
      <tstamps>1ab3835e-fcd2-451d-bd58-26233a9d0983</tstamps>
    </comp>
    <comp ref="C12">
      <value>100nF(0.1uF)</value>
      <footprint>Capacitor_SMD:C_0603_1608Metric</footprint>
      <fields>
        <field name="LCSC">C1591</field>
      </fields>
      <libsource lib="Device" part="C_Small" description="Unpolarized capacitor, small symbol"/>
      <property name="LCSC" value="C1591"/>
      <property name="Sheetname" value="Processor"/>
      <property name="Sheetfile" value="Thermostat-processor.kicad_sch"/>
      <sheetpath names="/Processor/" tstamps="/25a5abbc-6058-4e54-92d9-f2c655a065fe/"/>
      <tstamps>61b18a99-58a8-40e7-9b8f-ff037431e8da</tstamps>
    </comp>
    <comp ref="C13">
      <value>22uF</value>
      <footprint>Capacitor_SMD:C_0603_1608Metric</footprint>
      <fields>
        <field name="LCSC">C86295</field>
      </fields>
      <libsource lib="Device" part="C_Small" description="Unpolarized capacitor, small symbol"/>
      <property name="LCSC" value="C86295"/>
      <property name="Sheetname" value="Processor"/>
      <property name="Sheetfile" value="Thermostat-processor.kicad_sch"/>
      <sheetpath names="/Processor/" tstamps="/25a5abbc-6058-4e54-92d9-f2c655a065fe/"/>
      <tstamps>976fb39b-4a5a-48f8-83e8-e28f7e212157</tstamps>
    </comp>
    <comp ref="C14">
      <value>15pF</value>
      <footprint>Capacitor_SMD:C_0402_1005Metric</footprint>
      <fields>
        <field name="LCSC">C1548</field>
      </fields>
      <libsource lib="Device" part="C_Small" description="Unpolarized capacitor, small symbol"/>
      <property name="LCSC" value="C1548"/>
      <property name="Sheetname" value="Processor"/>
      <property name="Sheetfile" value="Thermostat-processor.kicad_sch"/>
      <sheetpath names="/Processor/" tstamps="/25a5abbc-6058-4e54-92d9-f2c655a065fe/"/>
      <tstamps>f91a5073-ab06-48da-a57c-59bf41402ef5</tstamps>
    </comp>
    <comp ref="C15">
      <value>15pF</value>
      <footprint>Capacitor_SMD:C_0402_1005Metric</footprint>
      <fields>
        <field name="LCSC">C1548</field>
      </fields>
      <libsource lib="Device" part="C_Small" description="Unpolarized capacitor, small symbol"/>
      <property name="LCSC" value="C1548"/>
      <property name="Sheetname" value="Processor"/>
      <property name="Sheetfile" value="Thermostat-processor.kicad_sch"/>
      <sheetpath names="/Processor/" tstamps="/25a5abbc-6058-4e54-92d9-f2c655a065fe/"/>
      <tstamps>7cb17a35-0f68-43b0-a949-89e540a832c2</tstamps>
    </comp>
    <comp ref="C16">
      <value>22pF</value>
      <footprint>Capacitor_SMD:C_0603_1608Metric</footprint>
      <fields>
        <field name="LCSC">C1653</field>
      </fields>
      <libsource lib="Device" part="C_Small" description="Unpolarized capacitor, small symbol"/>
      <property name="LCSC" value="C1653"/>
      <property name="Sheetname" value="Processor"/>
      <property name="Sheetfile" value="Thermostat-processor.kicad_sch"/>
      <sheetpath names="/Processor/" tstamps="/25a5abbc-6058-4e54-92d9-f2c655a065fe/"/>
      <tstamps>a611d850-6c33-4a13-ad84-75366d05c0be</tstamps>
    </comp>
    <comp ref="C17">
      <value>22pF</value>
      <footprint>Capacitor_SMD:C_0603_1608Metric</footprint>
      <fields>
        <field name="LCSC">C1653</field>
      </fields>
      <libsource lib="Device" part="C_Small" description="Unpolarized capacitor, small symbol"/>
      <property name="LCSC" value="C1653"/>
      <property name="Sheetname" value="Processor"/>
      <property name="Sheetfile" value="Thermostat-processor.kicad_sch"/>
      <sheetpath names="/Processor/" tstamps="/25a5abbc-6058-4e54-92d9-f2c655a065fe/"/>
      <tstamps>190a4771-fbef-4749-9fcc-b8388dd83df7</tstamps>
    </comp>
    <comp ref="C18">
      <value>0.1uF</value>
      <footprint>Capacitor_SMD:C_0603_1608Metric</footprint>
      <fields>
        <field name="LCSC">C96446</field>
      </fields>
      <libsource lib="Device" part="C_Small" description="Unpolarized capacitor, small symbol"/>
      <property name="LCSC" value="C96446"/>
      <property name="Sheetname" value="Processor"/>
      <property name="Sheetfile" value="Thermostat-processor.kicad_sch"/>
      <sheetpath names="/Processor/" tstamps="/25a5abbc-6058-4e54-92d9-f2c655a065fe/"/>
      <tstamps>8314541e-269b-407c-baa1-5a2bd98d4983</tstamps>
    </comp>
    <comp ref="C19">
      <value>0.1uF</value>
      <footprint>Capacitor_SMD:C_0603_1608Metric</footprint>
      <fields>
        <field name="LCSC">C96446</field>
      </fields>
      <libsource lib="Device" part="C_Small" description="Unpolarized capacitor, small symbol"/>
      <property name="LCSC" value="C96446"/>
      <property name="Sheetname" value="Processor"/>
      <property name="Sheetfile" value="Thermostat-processor.kicad_sch"/>
      <sheetpath names="/Processor/" tstamps="/25a5abbc-6058-4e54-92d9-f2c655a065fe/"/>
      <tstamps>961d2008-3f3d-4775-8e8a-2fb9dc2359de</tstamps>
    </comp>
    <comp ref="D10">
      <value>D_Zener</value>
      <footprint>Diode_SMD:D_SMA</footprint>
      <fields>
        <field name="LCSC">C2480</field>
      </fields>
      <libsource lib="Device" part="D_Zener" description="Zener diode"/>
      <property name="LCSC" value="C2480"/>
      <property name="Sheetname" value="Processor"/>
      <property name="Sheetfile" value="Thermostat-processor.kicad_sch"/>
      <sheetpath names="/Processor/" tstamps="/25a5abbc-6058-4e54-92d9-f2c655a065fe/"/>
      <tstamps>1353ff5e-ef65-46c9-a624-3d3b31c6cca0</tstamps>
    </comp>
    <comp ref="D11">
      <value>LED</value>
      <footprint>LED_SMD:LED_0805_2012Metric</footprint>
      <fields>
        <field name="LCSC">C108412</field>
      </fields>
      <libsource lib="Device" part="LED" description="Light emitting diode"/>
      <property name="LCSC" value="C108412"/>
      <property name="Sheetname" value="Processor"/>
      <property name="Sheetfile" value="Thermostat-processor.kicad_sch"/>
      <sheetpath names="/Processor/" tstamps="/25a5abbc-6058-4e54-92d9-f2c655a065fe/"/>
      <tstamps>3b5325f6-9bf1-4032-bf18-fda8576089dc</tstamps>
    </comp>
    <comp ref="J8">
      <value>Conn_ARM_JTAG_SWD_10</value>
      <footprint>Connector_PinHeader_1.27mm:PinHeader_2x05_P1.27mm_Vertical_SMD</footprint>
      <datasheet>http://infocenter.arm.com/help/topic/com.arm.doc.ddi0314h/DDI0314H_coresight_components_trm.pdf</datasheet>
      <fields>
        <field name="LCSC">C2962219</field>
        <field name="LCSC-2">C2962222</field>
      </fields>
      <libsource lib="Connector" part="Conn_ARM_JTAG_SWD_10" description="Cortex Debug Connector, standard ARM Cortex-M SWD and JTAG interface"/>
      <property name="LCSC" value="C2962219"/>
      <property name="LCSC-2" value="C2962222"/>
      <property name="Sheetname" value="Processor"/>
      <property name="Sheetfile" value="Thermostat-processor.kicad_sch"/>
      <sheetpath names="/Processor/" tstamps="/25a5abbc-6058-4e54-92d9-f2c655a065fe/"/>
      <tstamps>68c3b135-a96a-46aa-a95e-a297d30afb1d</tstamps>
    </comp>
    <comp ref="J10">
      <value>USB_C_Receptacle_USB2.0</value>
      <footprint>Connector_USB:USB_C_Receptacle_G-Switch_GT-USB-7010ASV</footprint>
      <datasheet>https://www.usb.org/sites/default/files/documents/usb_type-c.zip</datasheet>
      <fields>
        <field name="LCSC">C2988369</field>
      </fields>
      <libsource lib="Connector" part="USB_C_Receptacle_USB2.0" description="USB 2.0-only Type-C Receptacle connector"/>
      <property name="LCSC" value="C2988369"/>
      <property name="Sheetname" value="Processor"/>
      <property name="Sheetfile" value="Thermostat-processor.kicad_sch"/>
      <sheetpath names="/Processor/" tstamps="/25a5abbc-6058-4e54-92d9-f2c655a065fe/"/>
      <tstamps>2f1b401c-03cb-46e8-be68-45aa8bcd3f4c</tstamps>
    </comp>
    <comp ref="L3">
      <value>600ohm</value>
      <footprint>Inductor_SMD:L_1206_3216Metric</footprint>
      <fields>
        <field name="LCSC">C108305</field>
      </fields>
      <libsource lib="Device" part="L_Ferrite" description="Inductor with ferrite core"/>
      <property name="LCSC" value="C108305"/>
      <property name="Sheetname" value="Processor"/>
      <property name="Sheetfile" value="Thermostat-processor.kicad_sch"/>
      <sheetpath names="/Processor/" tstamps="/25a5abbc-6058-4e54-92d9-f2c655a065fe/"/>
      <tstamps>69b8d21c-64f4-4566-98ac-581dea7e5e7f</tstamps>
    </comp>
    <comp ref="R14">
      <value>10k</value>
      <footprint>Resistor_SMD:R_0603_1608Metric</footprint>
      <fields>
        <field name="LCSC">C25804</field>
      </fields>
      <libsource lib="Device" part="R_Small" description="Resistor, small symbol"/>
      <property name="LCSC" value="C25804"/>
      <property name="Sheetname" value="Processor"/>
      <property name="Sheetfile" value="Thermostat-processor.kicad_sch"/>
      <sheetpath names="/Processor/" tstamps="/25a5abbc-6058-4e54-92d9-f2c655a065fe/"/>
      <tstamps>23d0854b-41f4-4036-8677-4e161f2f616d</tstamps>
    </comp>
    <comp ref="R15">
      <value>1K</value>
      <footprint>Resistor_SMD:R_0603_1608Metric</footprint>
      <fields>
        <field name="LCSC">C21190</field>
      </fields>
      <libsource lib="Device" part="R_Small" description="Resistor, small symbol"/>
      <property name="LCSC" value="C21190"/>
      <property name="Sheetname" value="Processor"/>
      <property name="Sheetfile" value="Thermostat-processor.kicad_sch"/>
      <sheetpath names="/Processor/" tstamps="/25a5abbc-6058-4e54-92d9-f2c655a065fe/"/>
      <tstamps>1d71f328-9286-4745-946e-e084cb4a64dd</tstamps>
    </comp>
    <comp ref="R16">
      <value>0</value>
      <footprint>Resistor_SMD:R_0805_2012Metric</footprint>
      <fields>
        <field name="LCSC">C17477</field>
      </fields>
      <libsource lib="Device" part="R_Small" description="Resistor, small symbol"/>
      <property name="LCSC" value="C17477"/>
      <property name="Sheetname" value="Processor"/>
      <property name="Sheetfile" value="Thermostat-processor.kicad_sch"/>
      <sheetpath names="/Processor/" tstamps="/25a5abbc-6058-4e54-92d9-f2c655a065fe/"/>
      <tstamps>7dc8127b-1e46-49e8-988c-7dceb92537cb</tstamps>
    </comp>
    <comp ref="R17">
      <value>10M</value>
      <footprint>Resistor_SMD:R_0402_1005Metric</footprint>
      <fields>
        <field name="LCSC">C409848</field>
      </fields>
      <libsource lib="Device" part="R_Small" description="Resistor, small symbol"/>
      <property name="LCSC" value="C409848"/>
      <property name="Sheetname" value="Processor"/>
      <property name="Sheetfile" value="Thermostat-processor.kicad_sch"/>
      <sheetpath names="/Processor/" tstamps="/25a5abbc-6058-4e54-92d9-f2c655a065fe/"/>
      <tstamps>56564c0d-a4cd-480a-8a9d-ed485acdee4b</tstamps>
    </comp>
    <comp ref="R18">
      <value>0</value>
      <footprint>Resistor_SMD:R_0805_2012Metric</footprint>
      <fields>
        <field name="LCSC">C17477</field>
      </fields>
      <libsource lib="Device" part="R_Small" description="Resistor, small symbol"/>
      <property name="LCSC" value="C17477"/>
      <property name="Sheetname" value="Processor"/>
      <property name="Sheetfile" value="Thermostat-processor.kicad_sch"/>
      <sheetpath names="/Processor/" tstamps="/25a5abbc-6058-4e54-92d9-f2c655a065fe/"/>
      <tstamps>4aba8bd4-81bf-452c-9dcc-25ea8f55b219</tstamps>
    </comp>
    <comp ref="R19">
      <value>5.1K</value>
      <footprint>Resistor_SMD:R_0402_1005Metric</footprint>
      <fields>
        <field name="LCSC">C278598</field>
      </fields>
      <libsource lib="Device" part="R_Small" description="Resistor, small symbol"/>
      <property name="LCSC" value="C278598"/>
      <property name="Sheetname" value="Processor"/>
      <property name="Sheetfile" value="Thermostat-processor.kicad_sch"/>
      <sheetpath names="/Processor/" tstamps="/25a5abbc-6058-4e54-92d9-f2c655a065fe/"/>
      <tstamps>8d2a41c9-5473-47aa-a269-623246f789bb</tstamps>
    </comp>
    <comp ref="R20">
      <value>5.1K</value>
      <footprint>Resistor_SMD:R_0402_1005Metric</footprint>
      <fields>
        <field name="LCSC">C278598</field>
      </fields>
      <libsource lib="Device" part="R_Small" description="Resistor, small symbol"/>
      <property name="LCSC" value="C278598"/>
      <property name="Sheetname" value="Processor"/>
      <property name="Sheetfile" value="Thermostat-processor.kicad_sch"/>
      <sheetpath names="/Processor/" tstamps="/25a5abbc-6058-4e54-92d9-f2c655a065fe/"/>
      <tstamps>58fa5d8d-e735-420c-a095-9fe46561843d</tstamps>
    </comp>
    <comp ref="R21">
      <value>10k</value>
      <footprint>Resistor_SMD:R_0603_1608Metric</footprint>
      <fields>
        <field name="LCSC">C25804</field>
      </fields>
      <libsource lib="Device" part="R_Small" description="Resistor, small symbol"/>
      <property name="LCSC" value="C25804"/>
      <property name="Sheetname" value="Processor"/>
      <property name="Sheetfile" value="Thermostat-processor.kicad_sch"/>
      <sheetpath names="/Processor/" tstamps="/25a5abbc-6058-4e54-92d9-f2c655a065fe/"/>
      <tstamps>8bbe9b1a-e424-45fd-a1e6-af6b3751fdc4</tstamps>
    </comp>
    <comp ref="R22">
      <value>10k</value>
      <footprint>Resistor_SMD:R_0603_1608Metric</footprint>
      <fields>
        <field name="LCSC">C25804</field>
      </fields>
      <libsource lib="Device" part="R_Small" description="Resistor, small symbol"/>
      <property name="LCSC" value="C25804"/>
      <property name="Sheetname" value="Processor"/>
      <property name="Sheetfile" value="Thermostat-processor.kicad_sch"/>
      <sheetpath names="/Processor/" tstamps="/25a5abbc-6058-4e54-92d9-f2c655a065fe/"/>
      <tstamps>4ad50d61-8bb8-48d1-9e80-9ab9a9525a11</tstamps>
    </comp>
    <comp ref="R23">
      <value>10k</value>
      <footprint>Resistor_SMD:R_0603_1608Metric</footprint>
      <fields>
        <field name="LCSC">C25804</field>
      </fields>
      <libsource lib="Device" part="R_Small" description="Resistor, small symbol"/>
      <property name="LCSC" value="C25804"/>
      <property name="Sheetname" value="Processor"/>
      <property name="Sheetfile" value="Thermostat-processor.kicad_sch"/>
      <sheetpath names="/Processor/" tstamps="/25a5abbc-6058-4e54-92d9-f2c655a065fe/"/>
      <tstamps>d297f5ce-e381-456b-a404-47fafa0973a5</tstamps>
    </comp>
    <comp ref="R24">
      <value>10k</value>
      <footprint>Resistor_SMD:R_0603_1608Metric</footprint>
      <fields>
        <field name="LCSC">C25804</field>
      </fields>
      <libsource lib="Device" part="R_Small" description="Resistor, small symbol"/>
      <property name="LCSC" value="C25804"/>
      <property name="Sheetname" value="Processor"/>
      <property name="Sheetfile" value="Thermostat-processor.kicad_sch"/>
      <sheetpath names="/Processor/" tstamps="/25a5abbc-6058-4e54-92d9-f2c655a065fe/"/>
      <tstamps>11401b81-9f68-4829-9b1b-a58a79224adf</tstamps>
    </comp>
    <comp ref="SW1">
      <value>Boot</value>
      <footprint>Button_Switch_SMD:SW_SPST_TL3305A</footprint>
      <fields>
        <field name="LCSC">C2886902</field>
      </fields>
      <libsource lib="Switch" part="SW_Push" description="Push button switch, generic, two pins"/>
      <property name="LCSC" value="C2886902"/>
      <property name="Sheetname" value="Processor"/>
      <property name="Sheetfile" value="Thermostat-processor.kicad_sch"/>
      <sheetpath names="/Processor/" tstamps="/25a5abbc-6058-4e54-92d9-f2c655a065fe/"/>
      <tstamps>ff63c26b-2f1d-4e0b-8dbd-5effd546b865</tstamps>
    </comp>
    <comp ref="SW2">
      <value>Reset</value>
      <footprint>Button_Switch_SMD:SW_SPST_TL3305A</footprint>
      <fields>
        <field name="LCSC">C2886902</field>
      </fields>
      <libsource lib="Switch" part="SW_Push" description="Push button switch, generic, two pins"/>
      <property name="LCSC" value="C2886902"/>
      <property name="Sheetname" value="Processor"/>
      <property name="Sheetfile" value="Thermostat-processor.kicad_sch"/>
      <sheetpath names="/Processor/" tstamps="/25a5abbc-6058-4e54-92d9-f2c655a065fe/"/>
      <tstamps>2d205dcc-c870-46bf-87eb-aa5651c789fc</tstamps>
    </comp>
    <comp ref="SW3">
      <value>Reset</value>
      <footprint>Button_Switch_SMD:SW_SPST_TL3305A</footprint>
      <fields>
        <field name="LCSC">C2886902</field>
      </fields>
      <libsource lib="Switch" part="SW_Push" description="Push button switch, generic, two pins"/>
      <property name="LCSC" value="C2886902"/>
      <property name="Sheetname" value="Processor"/>
      <property name="Sheetfile" value="Thermostat-processor.kicad_sch"/>
      <sheetpath names="/Processor/" tstamps="/25a5abbc-6058-4e54-92d9-f2c655a065fe/"/>
      <tstamps>77b1bedb-6c2c-46bf-af91-d23b96a23c87</tstamps>
    </comp>
    <comp ref="U4">
      <value>ESP32-S3-WROOM-1-N16R2</value>
      <footprint>XCVR_ESP32-S3-WROOM-1-N16R2</footprint>
      <fields>
        <field name="LCSC">C2913199</field>
        <field name="MANUFACTURER">Espressif</field>
        <field name="MAXIMUM_PACKAGE_HEIGHT">3.25mm</field>
        <field name="PARTREV">v1.0</field>
        <field name="STANDARD">Manufacturer Recommendations</field>
      </fields>
      <libsource lib="Custom Symbols" part="ESP32-S3-WROOM-1-N16R2" description=""/>
      <property name="PARTREV" value="v1.0"/>
      <property name="MANUFACTURER" value="Espressif"/>
      <property name="MAXIMUM_PACKAGE_HEIGHT" value="3.25mm"/>
      <property name="STANDARD" value="Manufacturer Recommendations"/>
      <property name="LCSC" value="C2913199"/>
      <property name="Sheetname" value="Processor"/>
      <property name="Sheetfile" value="Thermostat-processor.kicad_sch"/>
      <sheetpath names="/Processor/" tstamps="/25a5abbc-6058-4e54-92d9-f2c655a065fe/"/>
      <tstamps>c4e56e27-1b47-4017-b04d-f421e94aa6af</tstamps>
    </comp>
    <comp ref="Y1">
      <value>32.768KHz</value>
      <footprint>Crystal:Crystal_SMD_MicroCrystal_CC7V-T1A-2Pin_3.2x1.5mm</footprint>
      <fields>
        <field name="LCSC">C32346</field>
      </fields>
      <libsource lib="Device" part="Crystal" description="Two pin crystal"/>
      <property name="LCSC" value="C32346"/>
      <property name="Sheetname" value="Processor"/>
      <property name="Sheetfile" value="Thermostat-processor.kicad_sch"/>
      <sheetpath names="/Processor/" tstamps="/25a5abbc-6058-4e54-92d9-f2c655a065fe/"/>
      <tstamps>15db0183-55f0-4956-ac65-fd29f0fdddd0</tstamps>
    </comp>
  </components>
  <libparts>
    <libpart lib="2022-12-26_15-59-50" part="KBP206G">
      <footprints>
        <fp>KBP_DIO</fp>
      </footprints>
      <fields>
        <field name="Reference">BR</field>
        <field name="Value">KBP206G</field>
        <field name="Footprint">KBP_DIO</field>
      </fields>
      <pins>
        <pin num="1" name="1" type="unspecified"/>
        <pin num="2" name="2" type="unspecified"/>
        <pin num="3" name="3" type="unspecified"/>
        <pin num="4" name="4" type="unspecified"/>
      </pins>
    </libpart>
    <libpart lib="AHT20" part="AHT20">
      <fields>
        <field name="Reference">U</field>
        <field name="Value">AHT20</field>
        <field name="Footprint">PSON100P300X300X110-6N</field>
        <field name="MANUFACTURER">Asair</field>
        <field name="MAXIMUM_PACKAGE_HEIGHT">1.1mm</field>
        <field name="STANDARD">IPC 7351B</field>
        <field name="PARTREV">V1.0</field>
      </fields>
      <pins>
        <pin num="1" name="NC" type="no_connect"/>
        <pin num="2" name="VDD" type="power_in"/>
        <pin num="3" name="SCL" type="input"/>
        <pin num="4" name="SDA" type="bidirectional"/>
        <pin num="5" name="GND" type="power_in"/>
        <pin num="6" name="NC" type="no_connect"/>
      </pins>
    </libpart>
    <libpart lib="Connector" part="Conn_01x02_Female">
      <description>Generic connector, single row, 01x02, script generated (kicad-library-utils/schlib/autogen/connector/)</description>
      <docs>~</docs>
      <footprints>
        <fp>Connector*:*_1x??_*</fp>
      </footprints>
      <fields>
        <field name="Reference">J</field>
        <field name="Value">Conn_01x02_Female</field>
        <field name="Datasheet">~</field>
      </fields>
      <pins>
        <pin num="1" name="Pin_1" type="passive"/>
        <pin num="2" name="Pin_2" type="passive"/>
      </pins>
    </libpart>
    <libpart lib="Connector" part="Conn_01x05_Female">
      <description>Generic connector, single row, 01x05, script generated (kicad-library-utils/schlib/autogen/connector/)</description>
      <docs>~</docs>
      <footprints>
        <fp>Connector*:*_1x??_*</fp>
      </footprints>
      <fields>
        <field name="Reference">J</field>
        <field name="Value">Conn_01x05_Female</field>
        <field name="Datasheet">~</field>
      </fields>
      <pins>
        <pin num="1" name="Pin_1" type="passive"/>
        <pin num="2" name="Pin_2" type="passive"/>
        <pin num="3" name="Pin_3" type="passive"/>
        <pin num="4" name="Pin_4" type="passive"/>
        <pin num="5" name="Pin_5" type="passive"/>
      </pins>
    </libpart>
    <libpart lib="Connector" part="Conn_01x14_Female">
      <description>Generic connector, single row, 01x14, script generated (kicad-library-utils/schlib/autogen/connector/)</description>
      <docs>~</docs>
      <footprints>
        <fp>Connector*:*_1x??_*</fp>
      </footprints>
      <fields>
        <field name="Reference">J</field>
        <field name="Value">Conn_01x14_Female</field>
        <field name="Datasheet">~</field>
      </fields>
      <pins>
        <pin num="1" name="Pin_1" type="passive"/>
        <pin num="2" name="Pin_2" type="passive"/>
        <pin num="3" name="Pin_3" type="passive"/>
        <pin num="4" name="Pin_4" type="passive"/>
        <pin num="5" name="Pin_5" type="passive"/>
        <pin num="6" name="Pin_6" type="passive"/>
        <pin num="7" name="Pin_7" type="passive"/>
        <pin num="8" name="Pin_8" type="passive"/>
        <pin num="9" name="Pin_9" type="passive"/>
        <pin num="10" name="Pin_10" type="passive"/>
        <pin num="11" name="Pin_11" type="passive"/>
        <pin num="12" name="Pin_12" type="passive"/>
        <pin num="13" name="Pin_13" type="passive"/>
        <pin num="14" name="Pin_14" type="passive"/>
      </pins>
    </libpart>
    <libpart lib="Connector" part="Conn_ARM_JTAG_SWD_10">
      <description>Cortex Debug Connector, standard ARM Cortex-M SWD and JTAG interface</description>
      <docs>http://infocenter.arm.com/help/topic/com.arm.doc.ddi0314h/DDI0314H_coresight_components_trm.pdf</docs>
      <footprints>
        <fp>PinHeader?2x05?P1.27mm*</fp>
      </footprints>
      <fields>
        <field name="Reference">J</field>
        <field name="Value">Conn_ARM_JTAG_SWD_10</field>
        <field name="Datasheet">http://infocenter.arm.com/help/topic/com.arm.doc.ddi0314h/DDI0314H_coresight_components_trm.pdf</field>
      </fields>
      <pins>
        <pin num="1" name="VTref" type="power_in"/>
        <pin num="2" name="SWDIO/TMS" type="bidirectional"/>
        <pin num="3" name="GND" type="power_in"/>
        <pin num="4" name="SWDCLK/TCK" type="output"/>
        <pin num="5" name="GND" type="passive"/>
        <pin num="6" name="SWO/TDO" type="input"/>
        <pin num="7" name="KEY" type="no_connect"/>
        <pin num="8" name="NC/TDI" type="output"/>
        <pin num="9" name="GNDDetect" type="passive"/>
        <pin num="10" name="~{RESET}" type="open_collector"/>
      </pins>
    </libpart>
    <libpart lib="Connector" part="Screw_Terminal_01x10">
      <description>Generic screw terminal, single row, 01x10, script generated (kicad-library-utils/schlib/autogen/connector/)</description>
      <docs>~</docs>
      <footprints>
        <fp>TerminalBlock*:*</fp>
      </footprints>
      <fields>
        <field name="Reference">J</field>
        <field name="Value">Screw_Terminal_01x10</field>
        <field name="Datasheet">~</field>
      </fields>
      <pins>
        <pin num="1" name="Pin_1" type="passive"/>
        <pin num="2" name="Pin_2" type="passive"/>
        <pin num="3" name="Pin_3" type="passive"/>
        <pin num="4" name="Pin_4" type="passive"/>
        <pin num="5" name="Pin_5" type="passive"/>
        <pin num="6" name="Pin_6" type="passive"/>
        <pin num="7" name="Pin_7" type="passive"/>
        <pin num="8" name="Pin_8" type="passive"/>
        <pin num="9" name="Pin_9" type="passive"/>
        <pin num="10" name="Pin_10" type="passive"/>
      </pins>
    </libpart>
    <libpart lib="Connector" part="USB_C_Receptacle_USB2.0">
      <description>USB 2.0-only Type-C Receptacle connector</description>
      <docs>https://www.usb.org/sites/default/files/documents/usb_type-c.zip</docs>
      <footprints>
        <fp>USB*C*Receptacle*</fp>
      </footprints>
      <fields>
        <field name="Reference">J</field>
        <field name="Value">USB_C_Receptacle_USB2.0</field>
        <field name="Datasheet">https://www.usb.org/sites/default/files/documents/usb_type-c.zip</field>
      </fields>
      <pins>
        <pin num="A1" name="GND" type="passive"/>
        <pin num="A4" name="VBUS" type="passive"/>
        <pin num="A5" name="CC1" type="bidirectional"/>
        <pin num="A6" name="D+" type="bidirectional"/>
        <pin num="A7" name="D-" type="bidirectional"/>
        <pin num="A8" name="SBU1" type="bidirectional"/>
        <pin num="A9" name="VBUS" type="passive"/>
        <pin num="A12" name="GND" type="passive"/>
        <pin num="B1" name="GND" type="passive"/>
        <pin num="B4" name="VBUS" type="passive"/>
        <pin num="B5" name="CC2" type="bidirectional"/>
        <pin num="B6" name="D+" type="bidirectional"/>
        <pin num="B7" name="D-" type="bidirectional"/>
        <pin num="B8" name="SBU2" type="bidirectional"/>
        <pin num="B9" name="VBUS" type="passive"/>
        <pin num="B12" name="GND" type="passive"/>
        <pin num="S1" name="SHIELD" type="passive"/>
      </pins>
    </libpart>
    <libpart lib="Connector" part="USB_OTG">
      <description>USB mini/micro connector</description>
      <docs> ~</docs>
      <footprints>
        <fp>USB*</fp>
      </footprints>
      <fields>
        <field name="Reference">J</field>
        <field name="Value">USB_OTG</field>
        <field name="Datasheet"> ~</field>
      </fields>
      <pins>
        <pin num="1" name="VBUS" type="passive"/>
        <pin num="2" name="D-" type="bidirectional"/>
        <pin num="3" name="D+" type="bidirectional"/>
        <pin num="4" name="ID" type="passive"/>
        <pin num="5" name="GND" type="passive"/>
        <pin num="6" name="Shield" type="passive"/>
      </pins>
    </libpart>
    <libpart lib="Connector_Generic" part="Conn_01x04">
      <description>Generic connector, single row, 01x04, script generated (kicad-library-utils/schlib/autogen/connector/)</description>
      <docs>~</docs>
      <footprints>
        <fp>Connector*:*_1x??_*</fp>
      </footprints>
      <fields>
        <field name="Reference">J</field>
        <field name="Value">Conn_01x04</field>
        <field name="Datasheet">~</field>
      </fields>
      <pins>
        <pin num="1" name="Pin_1" type="passive"/>
        <pin num="2" name="Pin_2" type="passive"/>
        <pin num="3" name="Pin_3" type="passive"/>
        <pin num="4" name="Pin_4" type="passive"/>
      </pins>
    </libpart>
    <libpart lib="Custom Parts" part="UC2-3NJ">
      <description>KEMET, UC2, Relays, Signal, 3 V, 220 V, 250 VAC, 1 A, 100 mOhms, 1 GOhms, 10.6mm, 6.5mm, 5.3mm</description>
      <docs>https://content.kemet.com/datasheets/KEM_R7005_UC2_UD2.pdf</docs>
      <fields>
        <field name="Reference">K</field>
        <field name="Value">UC2-3NJ</field>
        <field name="Footprint">UC23NJ</field>
        <field name="Datasheet">https://content.kemet.com/datasheets/KEM_R7005_UC2_UD2.pdf</field>
        <field name="Description">KEMET, UC2, Relays, Signal, 3 V, 220 V, 250 VAC, 1 A, 100 mOhms, 1 GOhms, 10.6mm, 6.5mm, 5.3mm</field>
        <field name="Height">5.3</field>
        <field name="Mouser Part Number">551-UC2-3NJ</field>
        <field name="Mouser Price/Stock">https://www.mouser.co.uk/ProductDetail/KEMET/UC2-3NJ?qs=rjnFDYRVT0pG6uPYp31kIg%3D%3D</field>
        <field name="Manufacturer_Name">KEMET</field>
        <field name="Manufacturer_Part_Number">UC2-3NJ</field>
      </fields>
      <pins>
        <pin num="1" name="COIL+" type="passive"/>
        <pin num="2" name="NC_1" type="passive"/>
        <pin num="3" name="COM_1" type="passive"/>
        <pin num="4" name="NO_1" type="passive"/>
        <pin num="5" name="NO_2" type="passive"/>
        <pin num="6" name="COM_2" type="passive"/>
        <pin num="7" name="NC_2" type="passive"/>
        <pin num="8" name="COIL-" type="passive"/>
      </pins>
    </libpart>
    <libpart lib="Custom Symbols" part="ESP32-S3-WROOM-1-N16R2">
      <fields>
        <field name="Reference">U</field>
        <field name="Value">ESP32-S3-WROOM-1-N16R2</field>
        <field name="Footprint">XCVR_ESP32-S3-WROOM-1-N16R2</field>
        <field name="PARTREV">v1.0</field>
        <field name="MANUFACTURER">Espressif</field>
        <field name="MAXIMUM_PACKAGE_HEIGHT">3.25mm</field>
        <field name="STANDARD">Manufacturer Recommendations</field>
      </fields>
      <pins>
        <pin num="1" name="GND" type="power_in"/>
        <pin num="2" name="3V3" type="power_in"/>
        <pin num="3" name="EN" type="input"/>
        <pin num="4" name="IO4" type="bidirectional"/>
        <pin num="5" name="IO5" type="bidirectional"/>
        <pin num="6" name="IO6" type="bidirectional"/>
        <pin num="7" name="IO7" type="bidirectional"/>
        <pin num="8" name="IO15" type="bidirectional"/>
        <pin num="9" name="IO16" type="bidirectional"/>
        <pin num="10" name="IO17" type="bidirectional"/>
        <pin num="11" name="IO18" type="bidirectional"/>
        <pin num="12" name="IO8" type="bidirectional"/>
        <pin num="13" name="IO19" type="bidirectional"/>
        <pin num="14" name="IO20" type="bidirectional"/>
        <pin num="15" name="IO3" type="bidirectional"/>
        <pin num="16" name="IO46" type="bidirectional"/>
        <pin num="17" name="IO9" type="bidirectional"/>
        <pin num="18" name="IO10" type="bidirectional"/>
        <pin num="19" name="IO11" type="bidirectional"/>
        <pin num="20" name="IO12" type="bidirectional"/>
        <pin num="21" name="IO13" type="bidirectional"/>
        <pin num="22" name="IO14" type="bidirectional"/>
        <pin num="23" name="IO21" type="bidirectional"/>
        <pin num="24" name="IO47" type="bidirectional"/>
        <pin num="25" name="IO48" type="bidirectional"/>
        <pin num="26" name="IO45" type="bidirectional"/>
        <pin num="27" name="IO0" type="bidirectional"/>
        <pin num="28" name="IO35" type="bidirectional"/>
        <pin num="29" name="IO36" type="bidirectional"/>
        <pin num="30" name="IO37" type="bidirectional"/>
        <pin num="31" name="IO38" type="bidirectional"/>
        <pin num="32" name="IO39" type="bidirectional"/>
        <pin num="33" name="IO40" type="bidirectional"/>
        <pin num="34" name="IO41" type="bidirectional"/>
        <pin num="35" name="IO42" type="bidirectional"/>
        <pin num="36" name="RXD0" type="bidirectional"/>
        <pin num="37" name="TXD0" type="bidirectional"/>
        <pin num="38" name="IO2" type="bidirectional"/>
        <pin num="39" name="IO1" type="bidirectional"/>
        <pin num="40" name="GND" type="power_in"/>
        <pin num="41_1" name="GND" type="power_in"/>
        <pin num="41_2" name="GND" type="power_in"/>
        <pin num="41_3" name="GND" type="power_in"/>
        <pin num="41_4" name="GND" type="power_in"/>
        <pin num="41_5" name="GND" type="power_in"/>
        <pin num="41_6" name="GND" type="power_in"/>
        <pin num="41_7" name="GND" type="power_in"/>
        <pin num="41_8" name="GND" type="power_in"/>
        <pin num="41_9" name="GND" type="power_in"/>
      </pins>
    </libpart>
    <libpart lib="Device" part="Buzzer">
      <description>Buzzer, polarized</description>
      <docs>~</docs>
      <footprints>
        <fp>*Buzzer*</fp>
      </footprints>
      <fields>
        <field name="Reference">BZ</field>
        <field name="Value">Buzzer</field>
        <field name="Datasheet">~</field>
      </fields>
      <pins>
        <pin num="1" name="-" type="passive"/>
        <pin num="2" name="+" type="passive"/>
      </pins>
    </libpart>
    <libpart lib="Device" part="C_Polarized">
      <description>Polarized capacitor</description>
      <docs>~</docs>
      <footprints>
        <fp>CP_*</fp>
      </footprints>
      <fields>
        <field name="Reference">C</field>
        <field name="Value">C_Polarized</field>
        <field name="Datasheet">~</field>
      </fields>
      <pins>
        <pin num="1" name="" type="passive"/>
        <pin num="2" name="" type="passive"/>
      </pins>
    </libpart>
    <libpart lib="Device" part="C_Small">
      <description>Unpolarized capacitor, small symbol</description>
      <docs>~</docs>
      <footprints>
        <fp>C_*</fp>
      </footprints>
      <fields>
        <field name="Reference">C</field>
        <field name="Value">C_Small</field>
        <field name="Datasheet">~</field>
      </fields>
      <pins>
        <pin num="1" name="" type="passive"/>
        <pin num="2" name="" type="passive"/>
      </pins>
    </libpart>
    <libpart lib="Device" part="Crystal">
      <description>Two pin crystal</description>
      <docs>~</docs>
      <footprints>
        <fp>Crystal*</fp>
      </footprints>
      <fields>
        <field name="Reference">Y</field>
        <field name="Value">Crystal</field>
        <field name="Datasheet">~</field>
      </fields>
      <pins>
        <pin num="1" name="1" type="passive"/>
        <pin num="2" name="2" type="passive"/>
      </pins>
    </libpart>
    <libpart lib="Device" part="D_Zener">
      <description>Zener diode</description>
      <docs>~</docs>
      <footprints>
        <fp>TO-???*</fp>
        <fp>*_Diode_*</fp>
        <fp>*SingleDiode*</fp>
        <fp>D_*</fp>
      </footprints>
      <fields>
        <field name="Reference">D</field>
        <field name="Value">D_Zener</field>
        <field name="Datasheet">~</field>
      </fields>
      <pins>
        <pin num="1" name="K" type="passive"/>
        <pin num="2" name="A" type="passive"/>
      </pins>
    </libpart>
    <libpart lib="Device" part="L">
      <description>Inductor</description>
      <docs>~</docs>
      <footprints>
        <fp>Choke_*</fp>
        <fp>*Coil*</fp>
        <fp>Inductor_*</fp>
        <fp>L_*</fp>
      </footprints>
      <fields>
        <field name="Reference">L</field>
        <field name="Value">L</field>
        <field name="Datasheet">~</field>
      </fields>
      <pins>
        <pin num="1" name="1" type="passive"/>
        <pin num="2" name="2" type="passive"/>
      </pins>
    </libpart>
    <libpart lib="Device" part="LED">
      <description>Light emitting diode</description>
      <docs>~</docs>
      <footprints>
        <fp>LED*</fp>
        <fp>LED_SMD:*</fp>
        <fp>LED_THT:*</fp>
      </footprints>
      <fields>
        <field name="Reference">D</field>
        <field name="Value">LED</field>
        <field name="Datasheet">~</field>
      </fields>
      <pins>
        <pin num="1" name="K" type="passive"/>
        <pin num="2" name="A" type="passive"/>
      </pins>
    </libpart>
    <libpart lib="Device" part="LED_RGBK">
      <description>RGB LED, red/green/blue/cathode</description>
      <docs>~</docs>
      <footprints>
        <fp>LED*</fp>
        <fp>LED_SMD:*</fp>
        <fp>LED_THT:*</fp>
      </footprints>
      <fields>
        <field name="Reference">D1</field>
        <field name="Value">LED_RGBK</field>
        <field name="Footprint">LED_THT:LED_D5.0mm-4_RGB</field>
        <field name="Datasheet">~</field>
      </fields>
      <pins>
        <pin num="1" name="RA" type="passive"/>
        <pin num="2" name="K" type="passive"/>
        <pin num="3" name="GA" type="passive"/>
        <pin num="4" name="BA" type="passive"/>
      </pins>
    </libpart>
    <libpart lib="Device" part="L_Ferrite">
      <description>Inductor with ferrite core</description>
      <docs>~</docs>
      <footprints>
        <fp>Choke_*</fp>
        <fp>*Coil*</fp>
        <fp>Inductor_*</fp>
        <fp>L_*</fp>
      </footprints>
      <fields>
        <field name="Reference">L</field>
        <field name="Value">L_Ferrite</field>
        <field name="Datasheet">~</field>
      </fields>
      <pins>
        <pin num="1" name="1" type="passive"/>
        <pin num="2" name="2" type="passive"/>
      </pins>
    </libpart>
    <libpart lib="Device" part="R">
      <description>Resistor</description>
      <docs>~</docs>
      <footprints>
        <fp>R_*</fp>
      </footprints>
      <fields>
        <field name="Reference">R</field>
        <field name="Value">R</field>
        <field name="Datasheet">~</field>
      </fields>
      <pins>
        <pin num="1" name="" type="passive"/>
        <pin num="2" name="" type="passive"/>
      </pins>
    </libpart>
    <libpart lib="Device" part="R_Small">
      <description>Resistor, small symbol</description>
      <docs>~</docs>
      <footprints>
        <fp>R_*</fp>
      </footprints>
      <fields>
        <field name="Reference">R</field>
        <field name="Value">R_Small</field>
        <field name="Datasheet">~</field>
      </fields>
      <pins>
        <pin num="1" name="" type="passive"/>
        <pin num="2" name="" type="passive"/>
      </pins>
    </libpart>
    <libpart lib="Diode" part="1N4148W">
      <description>75V 0.15A Fast Switching Diode, SOD-123</description>
      <docs>https://www.vishay.com/docs/85748/1n4148w.pdf</docs>
      <footprints>
        <fp>D*SOD?123*</fp>
      </footprints>
      <fields>
        <field name="Reference">D</field>
        <field name="Value">1N4148W</field>
        <field name="Footprint">Diode_SMD:D_SOD-123</field>
        <field name="Datasheet">https://www.vishay.com/docs/85748/1n4148w.pdf</field>
      </fields>
      <pins>
        <pin num="1" name="K" type="passive"/>
        <pin num="2" name="A" type="passive"/>
      </pins>
    </libpart>
    <libpart lib="Diode" part="1N47xxA">
      <description>1300mW Silicon planar power Zener diodes, DO-41</description>
      <docs>https://www.vishay.com/docs/85816/1n4728a.pdf</docs>
      <footprints>
        <fp>D*DO?41*</fp>
      </footprints>
      <fields>
        <field name="Reference">D</field>
        <field name="Value">1N47xxA</field>
        <field name="Footprint">Diode_THT:D_DO-41_SOD81_P10.16mm_Horizontal</field>
        <field name="Datasheet">https://www.vishay.com/docs/85816/1n4728a.pdf</field>
      </fields>
      <pins>
        <pin num="1" name="K" type="passive"/>
        <pin num="2" name="A" type="passive"/>
      </pins>
    </libpart>
    <libpart lib="Mechanical" part="MountingHole">
      <description>Mounting Hole without connection</description>
      <docs>~</docs>
      <footprints>
        <fp>MountingHole*</fp>
      </footprints>
      <fields>
        <field name="Reference">H</field>
        <field name="Value">MountingHole</field>
        <field name="Datasheet">~</field>
      </fields>
    </libpart>
    <libpart lib="Regulator_Linear" part="AMS1117-3.3">
      <description>1A Low Dropout regulator, positive, 3.3V fixed output, SOT-223</description>
      <docs>http://www.advanced-monolithic.com/pdf/ds1117.pdf</docs>
      <footprints>
        <fp>SOT?223*TabPin2*</fp>
      </footprints>
      <fields>
        <field name="Reference">U</field>
        <field name="Value">AMS1117-3.3</field>
        <field name="Footprint">Package_TO_SOT_SMD:SOT-223-3_TabPin2</field>
        <field name="Datasheet">http://www.advanced-monolithic.com/pdf/ds1117.pdf</field>
      </fields>
      <pins>
        <pin num="1" name="GND" type="power_in"/>
        <pin num="2" name="VO" type="power_out"/>
        <pin num="3" name="VI" type="power_in"/>
      </pins>
    </libpart>
    <libpart lib="Regulator_Switching" part="LM2596T-5">
      <description>5V 3A 150kHz Step-Down Voltage Regulator, TO-220</description>
      <docs>http://www.ti.com/lit/ds/symlink/lm2596.pdf</docs>
      <footprints>
        <fp>TO?220*</fp>
      </footprints>
      <fields>
        <field name="Reference">U</field>
        <field name="Value">LM2596T-5</field>
        <field name="Footprint">Package_TO_SOT_THT:TO-220-5_P3.4x3.7mm_StaggerOdd_Lead3.8mm_Vertical</field>
        <field name="Datasheet">http://www.ti.com/lit/ds/symlink/lm2596.pdf</field>
      </fields>
      <pins>
        <pin num="1" name="VIN" type="power_in"/>
        <pin num="2" name="OUT" type="output"/>
        <pin num="3" name="GND" type="power_in"/>
        <pin num="4" name="FB" type="input"/>
        <pin num="5" name="~{ON}/OFF" type="input"/>
      </pins>
    </libpart>
    <libpart lib="Sensor_Optical" part="LDR07">
      <description>light dependent resistor</description>
      <docs>http://www.tme.eu/de/Document/f2e3ad76a925811312d226c31da4cd7e/LDR07.pdf</docs>
      <footprints>
        <fp>R*LDR*5.1x4.3mm*P3.4mm*</fp>
      </footprints>
      <fields>
        <field name="Reference">R</field>
        <field name="Value">LDR07</field>
        <field name="Footprint">OptoDevice:R_LDR_5.1x4.3mm_P3.4mm_Vertical</field>
        <field name="Datasheet">http://www.tme.eu/de/Document/f2e3ad76a925811312d226c31da4cd7e/LDR07.pdf</field>
      </fields>
      <pins>
        <pin num="1" name="" type="passive"/>
        <pin num="2" name="" type="passive"/>
      </pins>
    </libpart>
    <libpart lib="Switch" part="SW_Push">
      <description>Push button switch, generic, two pins</description>
      <docs>~</docs>
      <fields>
        <field name="Reference">SW</field>
        <field name="Value">SW_Push</field>
        <field name="Datasheet">~</field>
      </fields>
      <pins>
        <pin num="1" name="1" type="passive"/>
        <pin num="2" name="2" type="passive"/>
      </pins>
    </libpart>
    <libpart lib="Transistor_FET" part="2N7002">
      <description>0.115A Id, 60V Vds, N-Channel MOSFET, SOT-23</description>
      <docs>https://www.onsemi.com/pub/Collateral/NDS7002A-D.PDF</docs>
      <footprints>
        <fp>SOT?23*</fp>
      </footprints>
      <fields>
        <field name="Reference">Q</field>
        <field name="Value">2N7002</field>
        <field name="Footprint">Package_TO_SOT_SMD:SOT-23</field>
        <field name="Datasheet">https://www.onsemi.com/pub/Collateral/NDS7002A-D.PDF</field>
      </fields>
      <pins>
        <pin num="1" name="G" type="input"/>
        <pin num="2" name="S" type="passive"/>
        <pin num="3" name="D" type="passive"/>
      </pins>
    </libpart>
  </libparts>
  <libraries>
    <library logical="2022-12-26_15-59-50">
      <uri/>
    </library>
    <library logical="AHT20">
      <uri/>
    </library>
    <library logical="Connector">
      <uri>/usr/share/kicad/symbols//Connector.kicad_sym</uri>
    </library>
    <library logical="Connector_Generic">
      <uri>/usr/share/kicad/symbols//Connector_Generic.kicad_sym</uri>
    </library>
    <library logical="Custom Symbols">
      <uri>/home/steve/projects/pcb/kicad_libraries/Custom Parts.kicad_sym</uri>
    </library>
    <library logical="Device">
      <uri>/usr/share/kicad/symbols//Device.kicad_sym</uri>
    </library>
    <library logical="Diode">
      <uri>/usr/share/kicad/symbols//Diode.kicad_sym</uri>
    </library>
    <library logical="Mechanical">
      <uri>/usr/share/kicad/symbols//Mechanical.kicad_sym</uri>
    </library>
    <library logical="Regulator_Linear">
      <uri>/usr/share/kicad/symbols//Regulator_Linear.kicad_sym</uri>
    </library>
    <library logical="Regulator_Switching">
      <uri>/usr/share/kicad/symbols//Regulator_Switching.kicad_sym</uri>
    </library>
    <library logical="Sensor_Optical">
      <uri>/usr/share/kicad/symbols//Sensor_Optical.kicad_sym</uri>
    </library>
    <library logical="Switch">
      <uri>/usr/share/kicad/symbols//Switch.kicad_sym</uri>
    </library>
    <library logical="Transistor_FET">
      <uri>/usr/share/kicad/symbols//Transistor_FET.kicad_sym</uri>
    </library>
  </libraries>
  <nets>
    <net code="1" name="+3V3">
      <node ref="C1" pin="1" pintype="passive"/>
      <node ref="C12" pin="1" pintype="passive"/>
      <node ref="C13" pin="1" pintype="passive"/>
      <node ref="D2" pin="1" pinfunction="K" pintype="passive"/>
      <node ref="D3" pin="1" pinfunction="K" pintype="passive"/>
      <node ref="D5" pin="1" pinfunction="K" pintype="passive"/>
      <node ref="D6" pin="1" pinfunction="K" pintype="passive"/>
      <node ref="J8" pin="1" pinfunction="VTref" pintype="power_in"/>
      <node ref="R14" pin="2" pintype="passive"/>
      <node ref="R22" pin="2" pintype="passive"/>
      <node ref="R23" pin="1" pintype="passive"/>
      <node ref="R24" pin="1" pintype="passive"/>
      <node ref="R6" pin="2" pintype="passive"/>
      <node ref="U2" pin="2" pinfunction="VO" pintype="power_out"/>
      <node ref="U4" pin="2" pinfunction="3V3" pintype="power_in"/>
    </net>
    <net code="2" name="+5V">
      <node ref="C2" pin="1" pintype="passive"/>
      <node ref="D10" pin="1" pinfunction="K" pintype="passive"/>
      <node ref="L1" pin="1" pinfunction="1" pintype="passive"/>
      <node ref="R10" pin="2" pintype="passive"/>
      <node ref="U1" pin="4" pinfunction="FB" pintype="input"/>
      <node ref="U2" pin="3" pinfunction="VI" pintype="power_in"/>
    </net>
    <net code="3" name="BUZZER">
      <node ref="R12" pin="1" pintype="passive"/>
      <node ref="U4" pin="10" pinfunction="IO17" pintype="bidirectional"/>
    </net>
    <net code="5" name="EN">
      <node ref="C11" pin="1" pintype="passive"/>
      <node ref="C19" pin="1" pintype="passive"/>
      <node ref="J8" pin="10" pinfunction="~{RESET}" pintype="open_collector"/>
      <node ref="R14" pin="1" pintype="passive"/>
      <node ref="R21" pin="2" pintype="passive"/>
      <node ref="R22" pin="1" pintype="passive"/>
      <node ref="SW3" pin="2" pinfunction="2" pintype="passive"/>
      <node ref="U4" pin="3" pinfunction="EN" pintype="input"/>
    </net>
    <net code="7" name="GND">
      <node ref="C1" pin="2" pintype="passive"/>
      <node ref="C11" pin="2" pintype="passive"/>
      <node ref="C12" pin="2" pintype="passive"/>
      <node ref="C13" pin="2" pintype="passive"/>
      <node ref="C14" pin="1" pintype="passive"/>
      <node ref="C15" pin="1" pintype="passive"/>
      <node ref="C16" pin="2" pintype="passive"/>
      <node ref="C17" pin="2" pintype="passive"/>
      <node ref="C18" pin="2" pintype="passive"/>
      <node ref="C19" pin="2" pintype="passive"/>
      <node ref="C2" pin="2" pintype="passive"/>
      <node ref="C7" pin="2" pintype="passive"/>
      <node ref="C8" pin="2" pintype="passive"/>
      <node ref="D11" pin="1" pinfunction="K" pintype="passive"/>
      <node ref="J10" pin="A1" pinfunction="GND" pintype="passive"/>
      <node ref="J10" pin="A12" pinfunction="GND" pintype="passive"/>
      <node ref="J10" pin="B1" pinfunction="GND" pintype="passive"/>
      <node ref="J10" pin="B12" pinfunction="GND" pintype="passive"/>
      <node ref="J8" pin="3" pinfunction="GND" pintype="power_in"/>
      <node ref="J8" pin="5" pinfunction="GND" pintype="passive"/>
      <node ref="J8" pin="9" pinfunction="GNDDetect" pintype="passive"/>
      <node ref="Q1" pin="2" pinfunction="S" pintype="passive"/>
      <node ref="Q2" pin="2" pinfunction="S" pintype="passive"/>
      <node ref="Q3" pin="2" pinfunction="S" pintype="passive"/>
      <node ref="Q4" pin="2" pinfunction="S" pintype="passive"/>
      <node ref="Q5" pin="2" pinfunction="S" pintype="passive"/>
      <node ref="R11" pin="1" pintype="passive"/>
      <node ref="R19" pin="2" pintype="passive"/>
      <node ref="R20" pin="2" pintype="passive"/>
      <node ref="SW1" pin="1" pinfunction="1" pintype="passive"/>
      <node ref="SW2" pin="1" pinfunction="1" pintype="passive"/>
      <node ref="SW3" pin="1" pinfunction="1" pintype="passive"/>
      <node ref="U1" pin="3" pinfunction="GND" pintype="power_in"/>
      <node ref="U1" pin="5" pinfunction="~{ON}/OFF" pintype="input"/>
      <node ref="U2" pin="1" pinfunction="GND" pintype="power_in"/>
      <node ref="U3" pin="5" pinfunction="GND" pintype="power_in"/>
      <node ref="U4" pin="1" pinfunction="GND" pintype="power_in"/>
      <node ref="U4" pin="40" pinfunction="GND" pintype="power_in"/>
      <node ref="U4" pin="41_1" pinfunction="GND" pintype="power_in"/>
      <node ref="U4" pin="41_2" pinfunction="GND" pintype="power_in"/>
      <node ref="U4" pin="41_3" pinfunction="GND" pintype="power_in"/>
      <node ref="U4" pin="41_4" pinfunction="GND" pintype="power_in"/>
      <node ref="U4" pin="41_5" pinfunction="GND" pintype="power_in"/>
      <node ref="U4" pin="41_6" pinfunction="GND" pintype="power_in"/>
      <node ref="U4" pin="41_7" pinfunction="GND" pintype="power_in"/>
      <node ref="U4" pin="41_8" pinfunction="GND" pintype="power_in"/>
      <node ref="U4" pin="41_9" pinfunction="GND" pintype="power_in"/>
    </net>
    <net code="8" name="HVAC_COOL">
      <node ref="R2" pin="2" pintype="passive"/>
      <node ref="U4" pin="6" pinfunction="IO6" pintype="bidirectional"/>
    </net>
    <net code="9" name="HVAC_FAN">
      <node ref="R7" pin="2" pintype="passive"/>
      <node ref="U4" pin="4" pinfunction="IO4" pintype="bidirectional"/>
    </net>
    <net code="10" name="HVAC_HEAT">
      <node ref="R1" pin="2" pintype="passive"/>
      <node ref="U4" pin="5" pinfunction="IO5" pintype="bidirectional"/>
    </net>
    <net code="11" name="HVAC_RVALV">
      <node ref="R8" pin="2" pintype="passive"/>
      <node ref="U4" pin="7" pinfunction="IO7" pintype="bidirectional"/>
    </net>
    <net code="12" name="LED_COOL">
      <node ref="R5" pin="1" pintype="passive"/>
      <node ref="U4" pin="38" pinfunction="IO2" pintype="bidirectional"/>
    </net>
    <net code="13" name="LED_FAN">
      <node ref="R4" pin="1" pintype="passive"/>
      <node ref="U4" pin="30" pinfunction="IO37" pintype="bidirectional"/>
    </net>
    <net code="14" name="LED_HEAT">
      <node ref="R3" pin="1" pintype="passive"/>
      <node ref="U4" pin="31" pinfunction="IO38" pintype="bidirectional"/>
    </net>
    <net code="15" name="LIGHT_SENS">
      <node ref="R11" pin="2" pintype="passive"/>
      <node ref="U4" pin="12" pinfunction="IO8" pintype="bidirectional"/>
    </net>
    <net code="16" name="MOTION">
      <node ref="U4" pin="11" pinfunction="IO18" pintype="bidirectional"/>
    </net>
    <net code="17" name="Net-(BR1-Pad4)">
      <node ref="U1" pin="1" pinfunction="VIN" pintype="power_in"/>
    </net>
    <net code="18" name="Net-(BZ1-Pad2)">
      <node ref="Q5" pin="3" pinfunction="D" pintype="passive"/>
      <node ref="R10" pin="1" pintype="passive"/>
    </net>
    <net code="19" name="Net-(C7-Pad1)">
      <node ref="C7" pin="1" pintype="passive"/>
      <node ref="C8" pin="1" pintype="passive"/>
      <node ref="R6" pin="1" pintype="passive"/>
      <node ref="U3" pin="2" pinfunction="VDD" pintype="power_in"/>
    </net>
    <net code="20" name="Net-(C14-Pad2)">
      <node ref="C14" pin="2" pintype="passive"/>
      <node ref="R16" pin="1" pintype="passive"/>
      <node ref="R17" pin="2" pintype="passive"/>
      <node ref="Y1" pin="2" pinfunction="2" pintype="passive"/>
    </net>
    <net code="21" name="Net-(C15-Pad2)">
      <node ref="C15" pin="2" pintype="passive"/>
      <node ref="R17" pin="1" pintype="passive"/>
      <node ref="R18" pin="1" pintype="passive"/>
      <node ref="Y1" pin="1" pinfunction="1" pintype="passive"/>
    </net>
    <net code="22" name="Net-(C18-Pad1)">
      <node ref="C18" pin="1" pintype="passive"/>
      <node ref="R21" pin="1" pintype="passive"/>
      <node ref="SW2" pin="2" pinfunction="2" pintype="passive"/>
    </net>
    <net code="23" name="Net-(D1-Pad1)">
      <node ref="L1" pin="2" pinfunction="2" pintype="passive"/>
      <node ref="U1" pin="2" pinfunction="OUT" pintype="output"/>
    </net>
    <net code="24" name="Net-(D2-Pad2)">
      <node ref="D2" pin="2" pinfunction="A" pintype="passive"/>
      <node ref="Q1" pin="3" pinfunction="D" pintype="passive"/>
    </net>
    <net code="25" name="Net-(D3-Pad2)">
      <node ref="D3" pin="2" pinfunction="A" pintype="passive"/>
      <node ref="Q2" pin="3" pinfunction="D" pintype="passive"/>
    </net>
    <net code="26" name="Net-(D4-Pad1)">
      <node ref="R3" pin="2" pintype="passive"/>
    </net>
    <net code="27" name="Net-(D4-Pad3)">
      <node ref="R4" pin="2" pintype="passive"/>
    </net>
    <net code="28" name="Net-(D4-Pad4)">
      <node ref="R5" pin="2" pintype="passive"/>
    </net>
    <net code="29" name="Net-(D5-Pad2)">
      <node ref="D5" pin="2" pinfunction="A" pintype="passive"/>
      <node ref="Q3" pin="3" pinfunction="D" pintype="passive"/>
    </net>
    <net code="30" name="Net-(D6-Pad2)">
      <node ref="D6" pin="2" pinfunction="A" pintype="passive"/>
      <node ref="Q4" pin="3" pinfunction="D" pintype="passive"/>
    </net>
    <net code="33" name="Net-(D10-Pad2)">
      <node ref="D10" pin="2" pinfunction="A" pintype="passive"/>
      <node ref="L3" pin="2" pinfunction="2" pintype="passive"/>
    </net>
    <net code="34" name="Net-(D11-Pad2)">
      <node ref="D11" pin="2" pinfunction="A" pintype="passive"/>
      <node ref="R15" pin="2" pintype="passive"/>
    </net>
    <net code="36" name="Net-(J9-Pad2)">
      <node ref="U4" pin="36" pinfunction="RXD0" pintype="bidirectional"/>
    </net>
    <net code="37" name="Net-(J9-Pad3)">
      <node ref="U4" pin="37" pinfunction="TXD0" pintype="bidirectional"/>
    </net>
    <net code="38" name="Net-(J10-PadA4)">
      <node ref="J10" pin="A4" pinfunction="VBUS" pintype="passive"/>
      <node ref="J10" pin="A9" pinfunction="VBUS" pintype="passive"/>
      <node ref="J10" pin="B4" pinfunction="VBUS" pintype="passive"/>
      <node ref="J10" pin="B9" pinfunction="VBUS" pintype="passive"/>
      <node ref="L3" pin="1" pinfunction="1" pintype="passive"/>
      <node ref="R15" pin="1" pintype="passive"/>
    </net>
    <net code="39" name="Net-(J10-PadA5)">
      <node ref="J10" pin="A5" pinfunction="CC1" pintype="bidirectional"/>
      <node ref="R19" pin="1" pintype="passive"/>
    </net>
    <net code="40" name="Net-(J10-PadB5)">
      <node ref="J10" pin="B5" pinfunction="CC2" pintype="bidirectional"/>
      <node ref="R20" pin="1" pintype="passive"/>
    </net>
    <net code="41" name="Net-(Q1-Pad1)">
      <node ref="Q1" pin="1" pinfunction="G" pintype="input"/>
      <node ref="R1" pin="1" pintype="passive"/>
    </net>
    <net code="42" name="Net-(Q2-Pad1)">
      <node ref="Q2" pin="1" pinfunction="G" pintype="input"/>
      <node ref="R2" pin="1" pintype="passive"/>
    </net>
    <net code="43" name="Net-(Q3-Pad1)">
      <node ref="Q3" pin="1" pinfunction="G" pintype="input"/>
      <node ref="R7" pin="1" pintype="passive"/>
    </net>
    <net code="44" name="Net-(Q4-Pad1)">
      <node ref="Q4" pin="1" pinfunction="G" pintype="input"/>
      <node ref="R8" pin="1" pintype="passive"/>
    </net>
    <net code="45" name="Net-(Q5-Pad1)">
      <node ref="Q5" pin="1" pinfunction="G" pintype="input"/>
      <node ref="R12" pin="2" pintype="passive"/>
    </net>
    <net code="46" name="Net-(R16-Pad2)">
      <node ref="R16" pin="2" pintype="passive"/>
      <node ref="U4" pin="8" pinfunction="IO15" pintype="bidirectional"/>
    </net>
    <net code="47" name="Net-(R18-Pad2)">
      <node ref="R18" pin="2" pintype="passive"/>
      <node ref="U4" pin="9" pinfunction="IO16" pintype="bidirectional"/>
    </net>
    <net code="48" name="Net-(SW1-Pad2)">
      <node ref="SW1" pin="2" pinfunction="2" pintype="passive"/>
      <node ref="U4" pin="27" pinfunction="IO0" pintype="bidirectional"/>
    </net>
    <net code="52" name="SCL">
      <node ref="R23" pin="2" pintype="passive"/>
      <node ref="U3" pin="3" pinfunction="SCL" pintype="input"/>
      <node ref="U4" pin="28" pinfunction="IO35" pintype="bidirectional"/>
    </net>
    <net code="53" name="SDA">
      <node ref="R24" pin="2" pintype="passive"/>
      <node ref="U3" pin="4" pinfunction="SDA" pintype="bidirectional"/>
      <node ref="U4" pin="29" pinfunction="IO36" pintype="bidirectional"/>
    </net>
    <net code="54" name="SWD_TCK">
      <node ref="J8" pin="4" pinfunction="SWDCLK/TCK" pintype="output"/>
      <node ref="U4" pin="32" pinfunction="IO39" pintype="bidirectional"/>
    </net>
    <net code="55" name="SWD_TDI">
      <node ref="J8" pin="8" pinfunction="NC/TDI" pintype="output"/>
      <node ref="U4" pin="34" pinfunction="IO41" pintype="bidirectional"/>
    </net>
    <net code="56" name="SWD_TDO">
      <node ref="J8" pin="6" pinfunction="SWO/TDO" pintype="input"/>
      <node ref="U4" pin="33" pinfunction="IO40" pintype="bidirectional"/>
    </net>
    <net code="57" name="SWD_TMS">
      <node ref="J8" pin="2" pinfunction="SWDIO/TMS" pintype="bidirectional"/>
      <node ref="U4" pin="35" pinfunction="IO42" pintype="bidirectional"/>
    </net>
    <net code="58" name="TFT_CLK">
      <node ref="U4" pin="21" pinfunction="IO13" pintype="bidirectional"/>
    </net>
    <net code="59" name="TFT_CS">
      <node ref="U4" pin="17" pinfunction="IO9" pintype="bidirectional"/>
    </net>
    <net code="60" name="TFT_DC">
      <node ref="U4" pin="19" pinfunction="IO11" pintype="bidirectional"/>
    </net>
    <net code="61" name="TFT_LED">
      <node ref="U4" pin="22" pinfunction="IO14" pintype="bidirectional"/>
    </net>
    <net code="62" name="TFT_MISO">
      <node ref="U4" pin="23" pinfunction="IO21" pintype="bidirectional"/>
    </net>
    <net code="63" name="TFT_MOSI">
      <node ref="U4" pin="20" pinfunction="IO12" pintype="bidirectional"/>
    </net>
    <net code="64" name="TFT_RESET">
      <node ref="U4" pin="18" pinfunction="IO10" pintype="bidirectional"/>
    </net>
    <net code="65" name="TOUCH_CS">
      <node ref="U4" pin="24" pinfunction="IO47" pintype="bidirectional"/>
    </net>
    <net code="66" name="TOUCH_IRQ">
      <node ref="U4" pin="25" pinfunction="IO48" pintype="bidirectional"/>
    </net>
    <net code="67" name="USB_D+">
      <node ref="C16" pin="1" pintype="passive"/>
      <node ref="J10" pin="A6" pinfunction="D+" pintype="bidirectional"/>
      <node ref="J10" pin="B6" pinfunction="D+" pintype="bidirectional"/>
      <node ref="U4" pin="14" pinfunction="IO20" pintype="bidirectional"/>
    </net>
    <net code="68" name="USB_D-">
      <node ref="C17" pin="1" pintype="passive"/>
      <node ref="J10" pin="A7" pinfunction="D-" pintype="bidirectional"/>
      <node ref="J10" pin="B7" pinfunction="D-" pintype="bidirectional"/>
      <node ref="U4" pin="13" pinfunction="IO19" pintype="bidirectional"/>
    </net>
    <net code="84" name="unconnected-(J8-Pad7)">
      <node ref="J8" pin="7" pinfunction="KEY" pintype="no_connect"/>
    </net>
    <net code="85" name="unconnected-(J10-PadA8)">
      <node ref="J10" pin="A8" pinfunction="SBU1" pintype="bidirectional+no_connect"/>
    </net>
    <net code="86" name="unconnected-(J10-PadB8)">
      <node ref="J10" pin="B8" pinfunction="SBU2" pintype="bidirectional+no_connect"/>
    </net>
    <net code="87" name="unconnected-(J10-PadS1)">
      <node ref="J10" pin="S1" pinfunction="SHIELD" pintype="passive+no_connect"/>
    </net>
    <net code="104" name="unconnected-(U3-Pad1)">
      <node ref="U3" pin="1" pinfunction="NC" pintype="no_connect"/>
    </net>
    <net code="105" name="unconnected-(U3-Pad6)">
      <node ref="U3" pin="6" pinfunction="NC" pintype="no_connect"/>
    </net>
    <net code="106" name="unconnected-(U4-Pad15)">
      <node ref="U4" pin="15" pinfunction="IO3" pintype="bidirectional+no_connect"/>
    </net>
    <net code="107" name="unconnected-(U4-Pad16)">
      <node ref="U4" pin="16" pinfunction="IO46" pintype="bidirectional+no_connect"/>
    </net>
    <net code="108" name="unconnected-(U4-Pad26)">
      <node ref="U4" pin="26" pinfunction="IO45" pintype="bidirectional+no_connect"/>
    </net>
    <net code="109" name="unconnected-(U4-Pad39)">
      <node ref="U4" pin="39" pinfunction="IO1" pintype="bidirectional+no_connect"/>
    </net>
  </nets>
</export>
